supertype;allele
A01;A*0101
A01;A*3002
A01;A*3201
A01;A01
A02;A*0201
A02;A*0203
A02;A*0206
A02;A*0211
A03;A03
A03;A*0301
A03;A*1101
A03;A*3001
A03;A*3101
A03;A*3301
A03;A*6601
A03;A*6801
A24;A*2301
A24;A*2402
A26;A*2601
A26;A26
B07;B*0702
B07;B*3501
B07;B*3503
B07;B*5101
B07;B*5301
B08;B*0801
B08;B08
B27;B*1402
B27;B*2705
B27;B*3801
B27;B*4801
B44;B*1801
B44;B18
B44;B*4001
B44;B*4402
B44;B*4403
B44;B*4501
B58;B*5801
B58;B5802
B58;B*5701
B58;B*1517
B62;B*1501
